"Model","AIC","BIC"
"model_logit_h1",928.827854575279,938.917664809538
"model_logit_h2",929.689761055164,944.824476406552
"model_logit_hall",919.306681128848,969.755732300142
