"model","BIC_value"
"model_h_exp",2049.48852246112
"model_h_2",8476.35119924528
"model_h_3",8477.46220839807
"model_h_linear",8525.90497889297
"model_h_log",296869.914871642
